uf,ew,c_temp,c_precip,c_humid
AL,1,26.450962407926134,4.336022294843863,70.32356670816475
AL,2,26.32182603485839,6.360236310820625,71.57480412905903
AL,3,26.114433068783068,8.804883514887436,72.63914133727566
AL,4,26.39647448905488,6.731079774872913,71.93063205208009
AL,5,26.503105405125016,5.8015636165577344,71.68758832347754
AL,6,26.486786227824464,5.771015904139434,71.98804939827784
AL,7,26.25623779956427,7.751588198983296,73.53858716153128
AL,8,26.229468855690424,8.985399273783587,75.02360711692084
AL,9,26.48738361344538,8.749973420479304,73.29008912750285
AL,10,26.543467745616763,6.273469244734931,73.17127521008403
AL,11,26.554276935712554,5.973512018881627,73.06635782065912
AL,12,26.21422845291963,10.890988046757165,76.19658865546218
AL,13,26.167910671191557,10.476098755656109,76.33790575845723
AL,14,26.050173292393882,10.371365573152337,76.63732510234863
AL,15,25.892219537815123,9.818886425339366,77.59678919952597
AL,16,25.786346563240684,8.48880531674208,77.81596799719888
AL,17,25.403902542555482,11.491231523378582,78.75767025425554
AL,18,24.96295698125404,15.175349547511313,80.73180568842922
AL,19,24.889193250377073,12.399722322775265,80.60480310277957
AL,20,24.64032027580263,11.482733333333334,81.12469655785391
AL,21,24.22793430833872,15.49235803167421,82.95660277957337
AL,22,24.086746240034476,15.083531523378582,82.9703059254471
AL,23,23.715032999353586,13.494423680241328,83.06584024994612
AL,24,23.358963838612368,16.140043891402716,83.18293724951519
AL,25,23.096043934496876,17.755434012066367,83.8967583925878
AL,26,22.785896019176903,16.457937028657618,83.86773786360698
AL,27,22.654825166989873,13.911919042232277,83.57000447640594
AL,28,22.597349800689507,13.23382368024133,83.21575970157294
AL,29,22.461756027795733,11.57526270739065,81.78933666235724
AL,30,22.427052650290886,10.974974321266968,81.15560904438699
AL,31,22.333462427278604,13.205751055806939,81.03319064856713
AL,32,22.404491483516484,9.405262745098039,79.79594633160956
AL,33,22.50067203188968,9.260179826546002,79.6798629875027
AL,34,22.71466054729584,8.868495135746606,79.23562434820082
AL,35,22.98012372872226,7.149109539969834,77.84992398190046
AL,36,23.086499563671623,7.724080279034691,77.17506534152123
AL,37,23.151720195001076,8.877732126696833,78.0676001077354
AL,38,23.65824824929972,6.096103733031674,75.69668138332256
AL,39,24.187675721827194,4.528169079939668,74.08408797672915
AL,40,24.613086414565828,4.362748152337858,72.97450663111398
AL,41,24.559021444731737,6.3813401960784315,73.7050696670976
AL,42,24.920582299073473,5.332565912518854,72.95725085110968
AL,43,25.249826707606122,4.434032767722473,72.12832355634562
AL,44,25.651269123033828,3.97104302413273,70.432342760181
AL,45,25.761704411764704,5.784499849170437,70.58855448179271
AL,46,26.037108753501403,2.6515814102564104,68.67790283344107
AL,47,26.187793751346693,4.752281259426848,69.13980933527257
AL,48,26.23025917366947,4.499994268476621,69.1562467410041
AL,49,26.545623701788408,3.882324698340875,68.98937671837966
AL,50,26.333581728075842,4.542401432880845,69.15295836026719
AL,51,26.194425775694892,4.657352639517345,70.79636433958198
AL,52,26.284189086004773,3.894101452432825,70.32668918974997
AL,53,26.71375879551821,2.545725098039216,67.44888109243698
BA,1,25.13947211066488,11.49970268630076,72.21172884681583
BA,2,25.13479671830178,11.053611021865239,72.37727970676356
BA,3,25.04609064320775,13.477652423025434,72.24430643717729
BA,4,25.26507187607573,11.983210486390004,72.62551608465608
BA,5,25.438859498948172,7.523471352074966,71.18308023203927
BA,6,25.299825196659658,10.385847318161535,72.25660188691273
BA,7,25.158181722445335,10.744612324854975,72.93018270287499
BA,8,25.221082931089438,11.224991137884873,73.98277077197679
BA,9,25.381495958436922,10.763423516287371,72.87141543443616
BA,10,25.51452620513801,8.658562873717091,72.1732710830624
BA,11,25.3571842897516,10.199768049977688,73.33315842204799
BA,12,25.238256386866144,9.689474318813716,73.80648975771217
BA,13,25.054507423540315,11.297447293790547,74.30483185754005
BA,14,24.962401980669934,9.41658233549583,74.33313532238846
BA,15,24.769573205348866,9.893757896200185,75.1297120985039
BA,16,24.47145330464716,10.218314337349398,76.32577016020124
BA,17,24.105686801271016,8.304406107506951,75.68051539123526
BA,18,23.78150048325169,7.353465523632993,75.40519430689791
BA,19,23.675433813054415,6.284575254865616,74.90356488679994
BA,20,23.239856621210116,6.552724142724745,74.97177188004767
BA,21,22.972574089765654,6.323273049119556,75.24824052164703
BA,22,22.97557108433735,5.295971130676552,75.21924665563351
BA,23,22.518020791738383,5.8224188137164035,75.26579639745796
BA,24,22.05273202436118,5.625211529193698,75.2668743082219
BA,25,21.83880661988614,5.461855866543096,75.22497492519528
BA,26,21.54024259631934,5.76120530120482,75.51063857142857
BA,27,21.393711010194625,4.758970713623726,74.41899694690852
BA,28,21.419697668476104,5.263024504170528,74.01714299218854
BA,29,21.31985889183106,4.546632140871177,73.15400755329009
BA,30,21.29018813716404,5.360894791473586,72.99893730041043
BA,31,21.312933826294188,4.86827734939759,72.26860872368596
BA,32,21.49977295644115,4.172932771084338,70.73857717066066
BA,33,21.619239739176486,4.685875848007415,71.15736156626507
BA,34,21.902168780616975,5.071683308619091,71.25078499139416
BA,35,22.32232084469747,4.003821297497683,69.01638470409108
BA,36,22.529238420495165,4.4661377015755335,68.41897349662385
BA,37,22.75412874884152,4.151139240037071,67.80392160598437
BA,38,23.453321171719846,3.5485317423540317,66.31812709651794
BA,39,23.924912265325037,4.26991985171455,66.5027042737985
BA,40,24.48539372169999,3.8231847080630215,65.48804477823381
BA,41,24.33335691116113,4.557980027803522,65.95748021051239
BA,42,24.506101554349268,7.330184430027804,66.57405766715212
BA,43,24.713934291010197,8.379835727525487,68.20023544022243
BA,44,25.058522017741293,8.422778962001853,67.68105615384614
BA,45,24.70761392029657,12.232041501390176,70.28071688203363
BA,46,24.9936361511982,10.551933772011122,70.41699360916192
BA,47,24.919604104329405,12.078626357738647,70.55977204819277
BA,48,24.803851325301203,13.673939481000927,72.55247297894876
BA,49,25.316461839004372,11.802538461538461,71.15891340262148
BA,50,25.041303194757052,11.687108350324374,71.96235883887196
BA,51,25.052865943333774,13.226737701575532,71.37873480603733
BA,52,25.22775801364187,8.787106577420795,70.741892583668
BA,53,25.801480936316697,3.4611423132530117,67.12334367641996
CE,1,27.270166617782376,7.631971014492753,66.67234917184265
CE,2,26.91933651943869,10.983152415458937,69.26153480848862
CE,3,26.392051647688064,18.14423168276973,72.39522362548884
CE,4,26.20778681561997,17.604687882447664,74.26446396940419
CE,5,26.443943044053373,11.745780293880838,72.94029686277894
CE,6,26.448330555555554,11.765341747181964,73.17577130779848
CE,7,25.844143610536,21.67586344605475,77.3130439958592
CE,8,25.595856884057973,22.097096215780997,79.35479485564758
CE,9,25.838418806073154,20.48549569243156,77.94321580400276
CE,10,25.919303666321603,17.16860907809984,77.76363803772716
CE,11,25.65942775860747,19.012954428341384,79.5743476113795
CE,12,25.353095565575728,24.65282516722408,81.68285425525562
CE,13,25.328792931796464,24.37448885869565,81.83757546285237
CE,14,25.49605392677974,21.013422491638796,80.83717072981366
CE,15,25.473820517797417,21.8734064590301,80.88490929885332
CE,16,25.428187452221692,20.42083841973244,80.96053975453894
CE,17,25.49289192546584,17.231608758361205,79.48959964166269
CE,18,25.463740124820834,16.71676091137124,78.6411608008839
CE,19,25.74241897993311,9.90266210284281,76.37080561395128
CE,20,25.83906813784042,7.4237547867892975,74.87603255195891
CE,21,25.78496649546106,8.016308862876254,74.35502586896799
CE,22,25.678715148709987,7.345023327759197,73.37914467869086
CE,23,25.650034295867176,4.443313545150502,70.9635038162924
CE,24,25.58653130673674,5.360662918060201,69.40822893573818
CE,25,25.441402487458195,4.485578804347827,69.06917703356426
CE,26,25.486493239369327,3.7796622909698994,66.72894148351648
CE,27,25.525356614309604,4.118684803511706,66.1426730172002
CE,28,25.670990414476826,3.5924740802675585,64.50734664357383
CE,29,25.831093093048256,1.569476275083612,61.52590339524606
CE,30,25.9842344929527,1.425891199832776,59.40357743967989
CE,31,26.11202930303392,1.1978910117056858,58.58750400143335
CE,32,26.299351734949834,0.8850490802675586,57.42858060797897
CE,33,26.485264485785954,0.4013897575250836,56.38689023530817
CE,34,26.71760411490683,1.0752536580267558,56.33492692307692
CE,35,26.954042200191115,0.38071808110367894,55.699072001911134
CE,36,27.04912410415671,0.45742874163879604,55.26931095616341
CE,37,27.268177227663642,0.4944941680602007,54.96453420031056
CE,38,27.460421963091257,0.49714642558528427,55.36944382166746
CE,39,27.67122162565695,0.34054320652173914,55.3694337643335
CE,40,27.823986350334444,0.43283122909698996,55.673307668418545
CE,41,27.9229400621118,0.6584169105351171,55.298846981008126
CE,42,27.85822256927855,2.5259547240802678,57.24617324116101
CE,43,27.895362072981367,0.9931523411371237,57.485466319278544
CE,44,27.987443720138558,0.8613787625418061,57.447381357501186
CE,45,27.87987006091734,2.2011616429765883,58.895036427974205
CE,46,28.01492675883899,0.8319299540133779,57.8108264632107
CE,47,28.090448680124226,1.2646477633779263,58.772187780697564
CE,48,28.00468340599618,1.8632867892976588,59.69914974617774
CE,49,27.928748360606786,2.7791404682274248,61.04814699892499
CE,50,27.682405515408508,4.254103448996656,62.431042985547066
CE,51,27.566549531175347,4.834367663043478,64.21156824534161
CE,52,27.392805748217164,4.747815680354267,65.21085759719347
CE,53,27.877369052795032,3.1090522826086957,62.03680274844721
MA,1,26.434772659888328,18.841654155999315,80.19567036061737
MA,2,26.087196966815398,24.48857429595494,82.20646507448858
MA,3,25.758051766513056,28.124905905444617,83.7796834028235
MA,4,25.727054409577452,28.659987847755588,84.42375114963548
MA,5,25.865324397142366,26.6255006656426,84.14173968741619
MA,6,25.775690317704143,28.06156091483188,84.75720522761075
MA,7,25.328132538463414,38.581104079194404,86.8254359032502
MA,8,25.39559601833565,35.41583109745691,86.80693754663156
MA,9,25.524237188208616,34.524479091995225,86.53024947943335
MA,10,25.551897876283128,32.36350044376173,86.53195928608002
MA,11,25.40973004738335,36.61846832223929,87.13669929290712
MA,12,25.258562766496176,38.01815437788019,87.78690622119815
MA,13,25.302690426393884,37.58710735554768,87.71106762293006
MA,14,25.531615255481846,33.07097348457994,86.91094022129944
MA,15,25.465137271484277,33.15398512938674,87.35871533903884
MA,16,25.49291681774447,35.5543720134704,87.22632188433687
MA,17,25.715221155112168,26.385523076923075,85.68088215931535
MA,18,25.7112924748063,25.76077513293158,85.16766346280448
MA,19,26.076491299944294,17.403942591279687,82.93800098749178
MA,20,26.20618424317618,13.227372102091458,81.52664301919279
MA,21,26.2636771560237,12.110755193193903,80.26906397174254
MA,22,26.22600986985365,10.438119337114498,79.35321467564694
MA,23,26.29736309312807,7.061073006026232,76.62791176887629
MA,24,26.445219144680205,5.989574973413683,73.8370615106092
MA,25,26.505561102952345,5.058383445586671,71.62608495974072
MA,26,26.60758496986884,4.291004236086494,69.74731425279789
MA,27,26.625969291537952,4.849853686635945,69.30358519521953
MA,28,26.809876368562314,3.7740435483870964,67.59425043804123
MA,29,26.749311105484377,3.4867712513293156,66.67068537246163
MA,30,27.102482683445587,2.302654413328607,63.30749271281714
MA,31,27.25942927280093,1.5244985643388869,61.85607658631691
MA,32,27.53106936749886,1.3794609535625666,61.069376001417936
MA,33,27.738759971134854,0.9890738745125842,60.28962501392617
MA,34,28.010762184129234,1.283806238922368,59.98996215121284
MA,35,28.239496614675648,1.0739231655441333,59.891906441484785
MA,36,28.360263556489592,1.2701687699397377,59.267882397326176
MA,37,28.665687547475567,1.13629985820631,58.038162166405016
MA,38,28.716847022332505,1.564613470400567,59.28014166202462
MA,39,28.686584541955742,1.621122226160936,61.05421817997671
MA,40,28.844978961361218,1.6904365650478554,60.7727716691143
MA,41,28.949952828277713,1.464003881602269,60.27338226819264
MA,42,28.63784832126399,5.063218185040766,63.33841631640249
MA,43,28.547681690889753,4.079523644097837,64.46890251937003
MA,44,28.512890970780372,4.354433746898263,65.00254532334026
MA,45,28.204032283384816,7.933598830202056,67.83437693573707
MA,46,28.117444459917962,5.953130911024459,68.35340123563073
MA,47,28.112870641110042,6.725909766040411,68.85215068364815
MA,48,27.916288790702385,9.666428465083303,70.62232057527726
MA,49,27.74996506304755,9.7252427685218,71.51631921051299
MA,50,27.309601230566667,13.844095356256647,74.38303859573605
MA,51,27.080924550564642,15.017981797235022,76.50833676254621
MA,52,26.76596162923951,16.623001655572622,78.38736672762295
MA,53,26.987986833443056,8.575728294930876,77.21533432521396
PB,1,26.666971328920205,5.067141355256602,64.40779403041735
PB,2,26.49298784492372,6.190433200465039,66.29591979737586
PB,3,26.179638185398726,10.532964457731273,68.10238986404727
PB,4,26.18620437753577,10.299384371366882,69.17665433838708
PB,5,26.436310038674165,6.738756219897026,67.66239019859064
PB,6,26.495283080646306,6.57590966616841,67.30610609770565
PB,7,26.119679806391915,11.242897807673144,70.27832603269509
PB,8,25.880833788881773,12.286442999501743,72.95606846276128
PB,9,26.057166479227465,10.257676548746055,71.72986323819015
PB,10,26.235958765748453,7.557432785251619,70.68452838636202
PB,11,26.072758781566108,10.732214931074571,72.01611288980631
PB,12,25.800002286502732,15.447335788202828,74.37839108559602
PB,13,25.78019329818164,12.99439617109348,74.53385315626078
PB,14,25.83662581432021,10.56848542600897,73.69071227024097
PB,15,25.68929112748238,11.510563970334598,74.9273809195289
PB,16,25.604653646577635,11.187913056226284,74.70833121273346
PB,17,25.60049430099049,8.206114401517766,73.46517309663432
PB,18,25.310649349529392,9.554494463608142,74.13561899916228
PB,19,25.36912989947273,7.4285715936529835,73.21650412950278
PB,20,25.33598782092347,6.845989168678855,72.30706456167151
PB,21,25.07672649928547,7.616589375646775,73.15982336766372
PB,22,24.772475676341596,9.23375522593998,73.79929213029124
PB,23,24.520288845907455,4.69842719903415,72.82537542748732
PB,24,24.15829955156951,8.048870351845466,73.08875451633568
PB,25,23.85500394963781,7.6323070714039325,73.9793635785739
PB,26,23.719795537870205,6.37422668161435,73.0308924875573
PB,27,23.63171595870497,7.8956008278716805,72.71781980978663
PB,28,23.632281616813682,4.871838237323215,72.01383141723747
PB,29,23.61086800128123,4.8968689893066575,69.66554953925
PB,30,23.585204173853054,3.5725077785443253,69.06466030650964
PB,31,23.644345385108167,3.7334505001724736,68.52948426551028
PB,32,23.762173217365593,2.941128889272163,67.01195669689055
PB,33,23.91441468733061,2.5112373922042086,66.26908748090474
PB,34,24.143838656186862,2.47750248361504,66.04542693539643
PB,35,24.50689589513625,2.3477821317695757,64.19240063075938
PB,36,24.557463502192878,2.3413214039323904,64.0910375203272
PB,37,24.69853799339674,2.697644912038634,64.32438380722417
PB,38,25.18222226383482,1.8266539323904796,62.438779894544915
PB,39,25.617472561967183,1.438997895826147,61.03098768048095
PB,40,25.927873843197162,1.4704695239737842,60.79279383038485
PB,41,25.875148657172424,2.0315793721973097,61.46583768787267
PB,42,26.111541625190952,2.5802220248361505,61.50836077957917
PB,43,26.292092021879462,1.8534554674025527,61.0440214088602
PB,44,26.501541004287194,1.588601276302173,60.52619672547184
PB,45,26.551192736411572,2.0003104691272853,61.08804658749323
PB,46,26.64676619031193,1.6722693687478438,60.25330028334894
PB,47,26.821731594638546,1.8034926698861675,60.59678625388065
PB,48,26.770163494801164,2.39017445670921,61.268044273887554
PB,49,26.879931190558324,3.260859106588479,61.958408061893266
PB,50,26.67739853151333,3.6489332011038287,62.75605395949343
PB,51,26.58133985118021,4.1109164539496375,64.4566417927364
PB,52,26.60976995990225,3.6524233682112603,63.747031055591144
PB,53,27.02989461883408,2.025889417040359,61.41072338244715
PE,1,25.667766689671037,5.237114593397745,68.32213218599034
PE,2,25.52297837589142,6.603005414653785,69.88493606797792
PE,3,25.271709978145847,10.055630636070854,71.18631947607545
PE,4,25.391540087991718,8.61346708937198,71.85004399010812
PE,5,25.58405630319761,6.710420390499194,70.70534623590981
PE,6,25.55168297389004,7.186797242351046,70.93237897112952
PE,7,25.255849726823097,9.211349758454107,73.04221100184034
PE,8,25.200825474465148,10.4464413647343,74.68272233149298
PE,9,25.39285050322061,10.057264955716585,73.44926675293306
PE,10,25.53615121923165,6.395711533816425,72.56853788532321
PE,11,25.48040330591979,7.842587922705313,73.10911865175217
PE,12,25.186003437052076,11.727464443979933,75.87010859412328
PE,13,25.169520299808887,10.474457650501671,75.80373242654085
PE,14,25.113042322623027,9.75649519230769,75.48680025083611
PE,15,24.958602030578117,10.603629326923077,76.78338502448638
PE,16,24.869982740086,8.82994956103679,76.65186806020067
PE,17,24.69601840957955,7.876876734949834,76.36432647515528
PE,18,24.316303478858096,9.543615719063546,77.7626459478022
PE,19,24.25600526158624,9.126485284280937,77.5624888348065
PE,20,24.071676675226946,7.451463461538462,77.78907972109413
PE,21,23.745420726827522,10.167298808528427,79.11038759854277
PE,22,23.520797461777356,10.567656312709031,79.38868343585762
PE,23,23.196388500358335,7.548832629598662,78.994823199355
PE,24,22.78703823757764,10.832082650501672,79.58893742534639
PE,25,22.561416113234593,12.254616555183945,80.05438010033444
PE,26,22.287852496416626,10.404146112040133,79.9613923942905
PE,27,22.16476509495939,10.298054744983277,79.59739393812708
PE,28,22.142833349259437,7.93190010451505,78.99640791626851
PE,29,22.021762720974678,7.105636162207358,77.35303379419493
PE,30,21.96904779323937,6.499976066053512,76.91287388019589
PE,31,21.958799796942188,7.1350658862876255,76.58721817964644
PE,32,22.061298602484474,5.71439968645485,75.06160301301958
PE,33,22.189590524964167,5.362946739130435,74.71192658265647
PE,34,22.421329676301962,5.086676212374582,74.27553288043478
PE,35,22.759531172360248,4.828699352006689,72.3939911610129
PE,36,22.86595569457716,4.737812144648829,71.94677650203057
PE,37,22.94577707537028,5.420093039297659,72.63012002508361
PE,38,23.519530784161493,3.631713043478261,69.98934715121835
PE,39,24.061089348423316,2.7203720526755855,68.11111623268037
PE,40,24.44697534042045,2.7484338628762544,67.40453337016244
PE,41,24.334572727544195,3.859342307692308,68.42009451743908
PE,42,24.698020980649783,3.7292155727424747,67.77021432154801
PE,43,24.96973905876732,3.477227591973244,67.04376588628762
PE,44,25.306685708313427,3.0285925167224077,65.7802013825848
PE,45,25.385269657787862,3.6674983068561873,66.33507906115624
PE,46,25.5874816680602,2.4000513586956522,64.64560845078834
PE,47,25.744434988652653,2.9002034908026757,65.04898545747731
PE,48,25.673773808528427,3.9748027173913045,65.95742847885809
PE,49,25.944271682393694,4.189474414715719,65.71071813186813
PE,50,25.643003141423794,4.834214485785953,66.71299881450072
PE,51,25.520697685738174,5.046045275919733,68.5960916865743
PE,52,25.59080689268461,4.370440398550725,67.91559886991028
PE,53,26.01119903726708,2.655096195652174,65.16906128881988
PI,1,27.239506264172334,15.737842890211642,67.40857502598261
PI,2,26.836090325018894,17.891760102513228,70.06741422430083
PI,3,26.36359136904762,22.84566671626984,72.62038460648148
PI,4,26.198068764172334,23.36348306878307,74.86582961309523
PI,5,26.435323521352984,16.67856962632275,73.63401666666667
PI,6,26.321855345332576,19.959893171296297,74.198402491969
PI,7,25.7977547382842,27.597565195105823,77.42415653817082
PI,8,25.72421174886621,26.2801707010582,78.66372831396447
PI,9,25.98566615173847,21.8270101521164,77.35383947704082
PI,10,26.131521924603174,18.43643501984127,76.67392957766441
PI,11,25.896345412887374,23.091480307539683,78.13501712569287
PI,12,25.454687112441132,27.88617053571429,80.95473008732338
PI,13,25.558961410910516,25.062634254807694,79.9440032378336
PI,14,25.88489051461931,18.867224192994506,77.32452762215463
PI,15,25.866975017170333,19.55895784684066,77.63428452217426
PI,16,25.92976331436421,19.04845630151099,76.63156547291993
PI,17,26.21934380396389,11.779725824175825,72.86011810733909
PI,18,26.254190357633437,11.294685216346155,71.01898868965856
PI,19,26.615996583104394,7.055773025412088,67.88030018642073
PI,20,26.719727538755887,4.75290101304945,66.02787707270409
PI,21,26.767346951040032,3.944589886675824,64.25936394230769
PI,22,26.793785721644426,3.1564622252747254,62.15021426118524
PI,23,26.830489025706438,1.2091368475274724,58.73910907083987
PI,24,26.779380911499214,1.1145387190934066,56.67816513932495
PI,25,26.686783494407376,0.9049816277472528,55.753166351059654
PI,26,26.642811805828103,0.8274980082417582,54.15576494799843
PI,27,26.68278648204474,0.9770606112637362,53.3059990163854
PI,28,26.80969241562009,0.768346926510989,51.801220567602044
PI,29,26.822676748920724,0.6749542410714285,49.967968534144426
PI,30,26.963245479297488,0.28123219436813185,47.96270203345761
PI,31,27.10416971889717,0.27131387362637366,46.947208065149134
PI,32,27.41009849146389,0.16503842719780218,45.118087605474884
PI,33,27.71286430043171,0.10018245192307691,44.589152519132654
PI,34,28.071126699862635,0.18429862637362637,44.28380263687206
PI,35,28.5510583913854,0.08316059409340658,42.155050929650706
PI,36,28.737321433477238,0.34587860576923074,42.07723756868132
PI,37,28.974935569564362,0.09394371565934066,41.41248515502355
PI,38,29.472992567700157,0.3254710508241758,40.92487663854003
PI,39,29.878100321330454,0.3649135817307692,40.84291418514521
PI,40,30.12633505200157,0.6754162087912088,41.22075482731554
PI,41,30.126035083889327,0.5430436813186813,41.20433626128336
PI,42,29.81594888392857,4.184896188186813,45.27660669642857
PI,43,29.758555129022763,3.4681261160714287,47.08140957613815
PI,44,29.80078783850079,4.169640504807693,47.54521214923469
PI,45,29.34523058526295,6.916509546703297,51.85436706976059
PI,46,29.449439668367347,3.1986948489010985,50.99731479837127
PI,47,29.336644767955256,5.161746531593407,52.34283405121664
PI,48,28.861351964776297,7.742947424450549,55.8515453125
PI,49,28.659982294937205,8.982557984203297,57.61204492984694
PI,50,28.090010500883047,10.444652936126374,60.77307917974882
PI,51,28.122122686911304,9.038029601648352,61.21884313186813
PI,52,27.691992814625852,10.436589517195767,64.26900670115268
PI,53,28.097661926020407,5.508582589285714,61.09701914540817
RN,1,27.526628343313373,4.277605699711688,65.32827480911193
RN,2,27.322829620124832,6.389850742958528,67.21761073091912
RN,3,26.959964585115483,10.27593872255489,69.46747229667649
RN,4,27.000826039983526,10.653061166555778,70.04444420999272
RN,5,27.21953377055413,6.665435972499445,68.89568391787853
RN,6,27.271588391471028,7.524997693501885,68.72309638500776
RN,7,26.899786598232108,12.814480949212685,71.62742202262143
RN,8,26.59518727624117,13.110938589487692,74.58925186135666
RN,9,26.750783797484395,11.274149013084942,73.4745758292938
RN,10,26.894532766213604,9.77590119760479,72.74019949307734
RN,11,26.702643320765873,11.506964049678421,74.32383062763363
RN,12,26.439428147002698,15.309568931368034,76.40059585773508
RN,13,26.42347157004672,15.864432772915707,76.4856006284135
RN,14,26.490628508916235,13.137722063565178,75.94551156807265
RN,15,26.39798191419359,13.991680515891295,76.72032198460222
RN,16,26.316632174113312,13.40536292031322,76.60192383694151
RN,17,26.387290600118444,10.910702372178719,75.23491850365204
RN,18,26.207332618279924,11.366711146936895,75.08199066592091
RN,19,26.361874445614266,10.08828790879779,73.71527098769494
RN,20,26.391886878989276,7.9363060571165365,72.3997256070277
RN,21,26.31255545831414,6.81962432058959,72.08815083898138
RN,22,26.037012459695994,8.468744104099493,72.4624295025334
RN,23,25.824760173060472,5.003382197144173,71.3974991149569
RN,24,25.560500704086333,7.970313519115615,70.94744909192605
RN,25,25.201566585510296,7.4225425149700595,72.18100213199973
RN,26,25.159571869447916,7.401253293413173,70.64282248799105
RN,27,25.091846634204117,7.409550898203593,70.30676647364612
RN,28,25.0733981871422,5.413366305849839,69.78631381851682
RN,29,25.134526686188064,3.6754030861354217,66.95544680858063
RN,30,25.14697217542936,3.522507323813911,66.00996419030072
RN,31,25.277621658880044,2.7713980884385077,65.04096910245444
RN,32,25.39951216687504,1.7568769000460616,63.49956351253537
RN,33,25.541828943212476,1.4434867802855826,62.69962690333618
RN,34,25.71372374810818,1.6361526485490556,62.86525575113509
RN,35,26.027905471474632,1.4455943344081068,61.408708129894066
RN,36,26.06641390076989,1.3415565177337634,61.21241334144897
RN,37,26.214284947687045,1.5200859051128512,61.33613205566888
RN,38,26.514656382838716,1.0883886688162137,60.69183168059485
RN,39,26.81112585378693,0.8546228696453247,59.88556009409752
RN,40,27.045212449825623,0.8256039613081528,59.934678999144566
RN,41,27.074374096861224,1.1755344081068633,60.18723222017504
RN,42,27.182320615911035,1.9371516812528788,60.94731901033099
RN,43,27.303582901230506,1.1561051589129434,60.7062888662236
RN,44,27.4231525695861,0.9469717411331183,60.7141991017964
RN,45,27.43918955714944,1.2901301243666512,61.26582104033691
RN,46,27.504056942159636,1.2125734684477198,61.034415552411666
RN,47,27.649231223267748,1.0568087286964531,61.46448068368757
RN,48,27.622816322300455,1.546438876093966,61.963574731854976
RN,49,27.672811702967692,1.9654570704744359,63.09819917088899
RN,50,27.525212436665132,2.984964163979733,63.80184523919195
RN,51,27.529965802461014,3.4652371257485033,64.75526506218333
RN,52,27.515638823939423,2.663789443335551,64.33961032854924
RN,53,27.83603962360992,1.9326166467065868,62.60497970915312
SE,1,26.647782433862435,5.086745728395062,71.87288494532628
SE,2,26.51064754144621,7.5132460740740745,72.88758141093474
SE,3,26.378700070546735,9.52856513580247,73.4887806984127
SE,4,26.641229206349205,6.654075555555556,72.98992290652556
SE,5,26.751943767195765,5.651422518518519,72.60624390828924
SE,6,26.753121065255733,5.943386765432099,73.00836967195767
SE,7,26.52445160493827,8.351381086419753,74.53634045149911
SE,8,26.466821093474426,11.45132424691358,76.13699174603174
SE,9,26.743729679012347,8.170974419753087,74.37872404232803
SE,10,26.839824119929453,5.878356592592593,73.9277279435626
SE,11,26.82220748500882,6.291990617283951,74.0751252627866
SE,12,26.491626344322345,10.995511282051282,76.85547133333333
SE,13,26.487409465201463,9.714833333333333,76.40282191941392
SE,14,26.373954578754578,11.87594723076923,76.91906057875457
SE,15,26.185842102564102,11.08786564102564,77.82458857875457
SE,16,26.04114961172161,8.979090974358975,78.54033730402931
SE,17,25.657679472527473,11.95799364102564,79.01137088644688
SE,18,25.201617054945054,14.810769487179487,80.95433186080587
SE,19,25.06622046153846,15.099728820512821,81.19727773626374
SE,20,24.773521428571428,13.827497487179487,81.90882927472526
SE,21,24.42206558974359,14.645515435897435,82.95686213186814
SE,22,24.34453545787546,12.034108307692309,82.62400774358974
SE,23,23.93991515750916,13.843916564102564,82.83574526007327
SE,24,23.60057920879121,13.504264923076922,82.66718523809524
SE,25,23.35490438827839,13.871240358974358,83.32864787545788
SE,26,23.06157087912088,13.096094205128205,83.14427015384616
SE,27,22.899159545787544,11.551860307692307,82.7604163003663
SE,28,22.811495406593405,13.264746102564102,82.85373074725275
SE,29,22.702880725274724,10.316981641025642,81.39365727472529
SE,30,22.68537158241758,9.908675128205127,80.77080815384615
SE,31,22.590976534798536,9.507963538461539,80.19548214652015
SE,32,22.608188505494507,9.062853025641026,79.58193382417582
SE,33,22.68369844688645,9.43274241025641,79.85178920879122
SE,34,22.874530366300366,9.148307435897435,79.7576995091575
SE,35,23.14148523076923,6.329970564102564,78.1333698974359
SE,36,23.28186454945055,7.873343230769231,77.49154796336997
SE,37,23.328986395604396,8.370370615384616,78.37269164835166
SE,38,23.80514011721612,5.835660512820513,76.4587001978022
SE,39,24.302722996337,5.380609743589743,75.52594365567766
SE,40,24.748948146520146,4.672728871794871,74.42098873992674
SE,41,24.74532742857143,5.823181897435898,74.53078043223444
SE,42,25.058984512820516,6.127759435897436,74.2163066007326
SE,43,25.392611992673995,6.8093777948717955,74.01437947985347
SE,44,25.759076278388278,4.214863692307692,72.61493228571429
SE,45,25.81346397802198,6.586463333333333,72.94382086446886
SE,46,26.19418791941392,2.7878731794871796,71.02189957509158
SE,47,26.29093967765568,4.02722317948718,71.46252054212454
SE,48,26.396095523809525,5.172534974358975,71.15881021978022
SE,49,26.696378512820512,4.487704358974359,71.01857742857143
SE,50,26.515727692307692,5.238863846153846,71.09836327472527
SE,51,26.469073575091578,4.760588256410257,71.69179458608059
SE,52,26.55626847266314,3.9923937777777776,71.4052270335097
SE,53,27.025111961904763,1.9222381333333334,68.19269580952381
SP,1,24.061762663549484,27.80437865058857,79.95664349698536
SP,2,24.317656151101268,24.79690944587999,79.41351403223823
SP,3,24.01267165005537,24.605918811369506,79.22440227636274
SP,4,24.063839894179893,25.060634849267874,79.79653841105778
SP,5,24.276817523481398,22.948584392764854,79.42639655059267
SP,6,24.108583501907226,20.271104857881138,78.01458208769124
SP,7,24.210730547557525,20.587489847832327,78.96331309872441
SP,8,24.2502480841639,19.20365158771174,79.7269099356056
SP,9,24.0626071506501,18.42694865345966,79.2813473097904
SP,10,24.12043975390673,16.415922388745336,78.37333740781757
SP,11,23.95238214319894,16.21735915015791,79.80714610502714
SP,12,23.514120862935517,13.90667228384019,79.15024648947951
SP,13,23.198953397222933,10.284279433512223,77.76241855183576
SP,14,23.117011454979128,8.592366517590936,76.78551880143114
SP,15,22.916923303518185,7.4549701371496715,75.73497673481556
SP,16,22.266459145583102,6.993780161001789,73.46978240395264
SP,17,21.786563300110743,6.074853267740012,72.64000667859273
SP,18,21.265720862083654,5.064271663685152,70.43648105630804
SP,19,20.274998685577987,3.8053618485390577,70.61737070108187
SP,20,19.738474693755855,6.013602355396541,71.46382853053923
SP,21,19.55659299429253,7.920986762075135,72.64041556009882
SP,22,18.596344097452935,8.314331937984495,74.21941301303349
SP,23,18.938036794445864,6.65489686940966,73.71161380441264
SP,24,18.95902199420734,3.3434687775790097,70.86885539057842
SP,25,18.944729421586164,4.41263916517591,69.87882125819917
SP,26,18.99660222080245,3.176793923673226,68.48239037141154
SP,27,18.769151891132122,3.3919670363744783,66.8137755515802
SP,28,18.795511523979894,3.65696542039356,65.44876520487264
SP,29,18.407116948632762,4.213587412045319,65.3720977604566
SP,30,19.133966645370133,4.905109457364341,63.16502137405231
SP,31,19.364779519550215,2.9166501192605847,62.731596240736
SP,32,19.977632070874865,3.844779755515802,61.72928054093194
SP,33,20.329421540165264,3.3649834585569467,59.3505413433853
SP,34,21.243051395348836,4.346100351818724,58.059206327625866
SP,35,21.127544361529942,5.906284633273703,60.22534808246018
SP,36,21.91845198057756,8.216503261776982,60.30042154357271
SP,37,23.42194377800494,4.004283422778771,56.849713718374645
SP,38,23.29919703041145,7.240018813357185,60.28330371837465
SP,39,22.25902126586592,11.793390250447228,65.75284526791037
SP,40,23.21940125649544,10.812695146094217,67.46010970525597
SP,41,23.707316516739077,12.135654084675014,67.65734220972826
SP,42,23.83018807138598,10.23079198568873,67.46077779623477
SP,43,23.40086801431127,13.991726690518785,71.1907662058097
SP,44,23.45846136382997,14.596064060822897,72.1641198304796
SP,45,22.85561320810972,17.178179039952294,73.38452437004855
SP,46,23.478823237924864,18.66854366726297,72.62661541698611
SP,47,23.617526954595792,16.3437232856291,73.3576854084675
SP,48,23.558292024022492,20.880271425163983,76.03112533009627
SP,49,24.004098768208536,21.323200942158618,76.75030454127268
SP,50,23.76777390067297,22.651544621347647,77.87298428656615
SP,51,24.107964814720162,19.102329135360762,76.97459188516909
SP,52,24.13882531725524,21.584443514211888,78.7132249678028
SP,53,24.585691286821703,23.007772806201547,79.10760036766334
MG,1,22.80292806651904,30.795026672745433,78.91838332185812
MG,2,23.191497827152226,23.19407871998611,76.8913630032813
MG,3,23.12217731318658,23.226324519126393,76.2623066159276
MG,4,23.29992680672634,19.780677682254353,76.01166496027093
MG,5,23.415602551840063,21.610554161781945,76.71053837560555
MG,6,23.092216725283315,23.29363944683253,76.56248657461683
MG,7,23.390748936526546,14.469380426381834,74.40154750739686
MG,8,23.416981005104923,17.163599869740782,75.71745452216577
MG,9,23.232647410632875,17.166266671008643,76.06736339405893
MG,10,23.25186045268179,16.11995145673223,76.36983415210554
MG,11,23.087851248731006,15.48862358126004,77.25413450856094
MG,12,22.789137053450652,14.402848056632699,77.2526311067596
MG,13,22.476046350308543,12.724964852556587,76.95161566932481
MG,14,22.33236599397086,8.880689363333031,75.98697724579056
MG,15,22.025220837251844,9.421327671566416,76.48788451361065
MG,16,21.609196405704495,5.704815754351158,74.87300136621877
MG,17,21.20004759607333,5.2596933222112,74.43337308014377
MG,18,20.718801054455508,2.975158125169087,71.73452088813882
MG,19,20.126500206124472,2.8648371268824966,71.88007706543164
MG,20,19.53204433930665,4.403735300748489,72.71324890496373
MG,21,19.41165519498087,3.489515776896023,72.73808930729294
MG,22,19.231879635546164,3.657319095500045,73.45010450317561
MG,23,19.02914768303209,2.575744580214627,72.2726302442575
MG,24,18.748068600157172,1.3256319821444675,70.93156991677725
MG,25,18.552214594900995,1.4291614077013257,70.14944109928759
MG,26,18.54379461821883,1.116503160789972,69.34594669427875
MG,27,18.326675947850507,1.0955787356840112,67.78322654045837
MG,28,18.50436695438208,1.4734772477229687,66.91198822771601
MG,29,18.35990383584762,1.7980380016232302,66.54288669917422
MG,30,18.780705003671592,2.08509335377401,65.2702314706981
MG,31,18.800164111152622,1.7921906574082422,64.32149580279041
MG,32,19.42229731909357,1.3085024573902067,62.41957968772143
MG,33,19.494361226698274,1.5222849851203897,62.0076297006042
MG,34,20.1220992547312,1.9872526061863107,60.865623875655416
MG,35,20.510234659830203,3.4689994003066102,61.14821957409531
MG,36,20.961754997874344,4.379139124357471,60.74803288715973
MG,37,21.94788495999897,2.1022749977455137,58.01432329979516
MG,38,22.25219016657434,4.902774749752006,60.064391126985555
MG,39,22.00214191541167,8.085806844620794,63.66185851809386
MG,40,22.50208525823532,8.93396244025611,65.98342237674402
MG,41,22.78571373368718,7.950806168274867,63.9865281456527
MG,42,23.026709989307292,10.214142149878258,64.8915662374554
MG,43,22.71323478801386,14.16718716295428,69.06717444443012
MG,44,22.663229388196797,18.414137099828658,72.31823321116164
MG,45,21.964668588562667,21.711958454324105,74.79142226466382
MG,46,22.42850761372274,24.030880507710343,75.7193908583796
MG,47,22.334228001365574,20.673312814500857,76.17899527008747
MG,48,22.23145501977507,27.559948827667057,78.58081028239053
MG,49,22.844511350372958,26.541455406258457,78.32835674349097
MG,50,22.612193956688095,27.68915651997475,79.14057823583217
MG,51,22.88912159862412,25.592296915862565,77.5248617278384
MG,52,22.899488362269487,26.696762081542268,79.23711957547901
MG,53,23.878237266789483,19.635765298944897,74.91947392731535
AC,1,25.272593169793172,25.201902693602694,87.63179025974027
AC,2,25.24737801827802,26.82751936026936,87.9066631072631
AC,3,25.015850024050025,28.99743905723906,89.06766652236652
AC,4,25.155845526695526,30.423307407407407,88.66346495911496
AC,5,25.343623905723906,26.609838383838383,88.00966524771525
AC,6,25.185760894660895,30.268725252525254,88.79297645502646
AC,7,24.97598528138528,34.41643282828283,89.76930031265032
AC,8,24.938667412217413,32.778703703703705,89.44779302549303
AC,9,25.09064114959115,30.165923063973064,89.38434047619047
AC,10,25.096656565656566,29.655980134680135,89.78076702741703
AC,11,25.15760977232644,27.277122727272726,89.08513700497033
AC,12,24.839290059940062,30.217153671328667,90.48378976023976
AC,13,24.817216783216782,27.26038688811189,89.81958841158841
AC,14,24.86249577922078,26.106954895104895,90.38028044455544
AC,15,24.941543856143856,20.081996153846152,89.22756515984017
AC,16,24.860782717282717,16.526844055944053,88.66961256243756
AC,17,24.571837187812186,16.683667132867132,89.2019974025974
AC,18,24.48205382117882,12.715103846153845,88.39921798201799
AC,19,24.303108916083918,11.037511013986014,86.89020804195805
AC,20,24.29978334165834,9.762590909090909,87.7285522977023
AC,21,24.222591908091907,9.675438461538462,88.80122579920081
AC,22,23.86820834165834,6.893092657342658,87.34826066433567
AC,23,23.97806391108891,6.773209265734266,87.91814757742257
AC,24,23.95307857142857,4.354241783216783,86.12134937562438
AC,25,23.941033666333666,4.285769055944056,84.74188706293707
AC,26,24.265145554445557,3.4645634615384613,82.64656311188811
AC,27,24.319955969030968,4.12350944055944,81.37206346153846
AC,28,24.262403171828172,3.3522756993006992,79.70180082417582
AC,29,24.266744955044956,3.5437823426573427,76.96330666833167
AC,30,24.915536913086914,3.1967372377622376,74.51553776223777
AC,31,25.342512212787213,3.2522174825174823,72.8084286963037
AC,32,25.51893136863137,5.351176048951049,73.02670676823176
AC,33,25.857715484515484,4.953101048951049,72.88964612887112
AC,34,26.1129523976024,5.901026398601399,72.22653973526472
AC,35,26.000756043956045,5.885228846153846,72.9262891108891
AC,36,26.376711213786212,7.970158216783218,73.58736313686313
AC,37,26.330702997002998,9.768648076923077,77.59890661838162
AC,38,26.57620172327672,10.902173601398601,78.35464148351647
AC,39,26.32807117882118,12.528441083916084,78.57998703796203
AC,40,26.387700849150846,15.698133041958041,81.81639742757243
AC,41,26.150844205794204,16.052614335664337,82.89513661338661
AC,42,26.004190484515483,18.098726048951047,84.16763676323676
AC,43,25.933822727272727,18.493591433566433,85.15364215784216
AC,44,25.508864535464536,22.972626573426574,85.92047452547453
AC,45,25.604214985014988,19.72265979020979,85.76630162337662
AC,46,25.551736463536464,25.204131818181818,87.34111565934066
AC,47,25.475650924075925,24.997910489510488,87.8022791958042
AC,48,25.628393806193806,24.5772013986014,87.69534625374625
AC,49,25.314345979020977,27.848343881118883,88.59182040459541
AC,50,25.393821578421576,26.23218444055944,88.15940754245754
AC,51,25.180792882117885,28.702244755244756,88.26657105394607
AC,52,25.316692784992785,25.198153367003368,87.74875971620972
AC,53,25.00248701298701,38.918437272727274,89.30537441558441
AM,1,25.577483981908173,35.006087514934286,89.64123341867213
AM,2,25.658486379928316,31.500172640382317,88.96285694657793
AM,3,25.474704557091655,36.094774910394264,89.6542639870285
AM,4,25.68663423792456,32.15332640382318,88.65114431643624
AM,5,25.656576096603516,35.81945925925926,89.17597123229221
AM,6,25.667036746885135,35.1188962962963,88.81493398190817
AM,7,25.561736414063834,38.88435131421744,89.28842574671445
AM,8,25.571156630824376,38.037642114695345,89.10662497013142
AM,9,25.575308465608465,38.59995083632019,89.71643562894691
AM,10,25.521392729134664,40.61331278375149,90.14355909711554
AM,11,25.713208812652898,36.4154041218638,89.2019575894635
AM,12,25.56342946650124,39.59140068238213,89.90408575859624
AM,13,25.494561946118395,42.21195043424317,90.33900135590216
AM,14,25.563302959943282,40.63727921836228,90.3036108383552
AM,15,25.563186529599434,38.99670905707196,90.34814007444169
AM,16,25.440837779156325,38.69522413151365,90.75699053527119
AM,17,25.313092777383908,39.71354683622829,91.03599266217653
AM,18,25.331958631690892,35.40219913151365,90.66135870258773
AM,19,25.368590118752216,31.739444727047147,90.02172125132932
AM,20,25.359131168025524,30.34870006203474,90.46780724920241
AM,21,25.39300342963488,27.537806885856078,90.08771013824885
AM,22,25.164691377171216,24.973098387096773,90.01483409252037
AM,23,25.208958649415102,20.626580086848637,89.64728533321518
AM,24,25.149171012052467,17.9140344292804,89.11613457993619
AM,25,25.19402540765686,15.584908126550868,88.14788623714995
AM,26,25.31674926444523,13.735312220843673,87.19451158277207
AM,27,25.311523812477844,14.592488461538462,87.47903642325416
AM,28,25.398886228287843,12.207161786600498,86.56923388869194
AM,29,25.447296969159872,10.736408560794045,85.11963060971287
AM,30,25.905596685572494,7.680618610421836,83.26701113080469
AM,31,26.18072881070542,7.850691066997519,82.08943106168024
AM,32,26.460933915278268,8.277638895781639,80.9480830024814
AM,33,26.505875088621057,9.74270018610422,82.19371516306275
AM,34,26.721470648706134,9.763981637717121,81.16036653668911
AM,35,26.687201063452676,11.146329032258064,81.82750452853597
AM,36,26.851090951790145,11.650980086848636,81.52143704360155
AM,37,26.915329785537043,12.437202791563275,82.26366892059553
AM,38,27.144764347749028,11.64171141439206,82.07028390641617
AM,39,27.0849543956044,15.023558870967744,82.34603606876993
AM,40,27.211015278270118,14.281652791563276,82.3268693371145
AM,41,27.051700850762142,17.69544975186104,83.44809897199575
AM,42,26.776758640553,18.827269789081885,84.99838891350585
AM,43,26.80844666784828,19.41557959057072,85.21359170506912
AM,44,26.69437359978731,20.754316066997518,85.44139792626729
AM,45,26.584101409074798,23.01714236972705,86.37253767281106
AM,46,26.535987690535272,24.58886929280397,86.8067710475009
AM,47,26.43686562389224,24.233905893300246,87.08370601736974
AM,48,26.387748856788374,26.267506265508683,87.62909107585963
AM,49,26.209980228642326,26.484251923076922,87.93385357142857
AM,50,25.991331797235024,31.651208684863523,88.76656139666785
AM,51,25.647338966678483,35.84141172456576,89.88149570187876
AM,52,25.68792141150367,32.82543309438471,89.5301681088923
AM,53,25.648085944700462,36.720779032258065,89.60179373271889
AP,1,25.16877721560847,25.422657407407407,86.17796504629631
AP,2,24.95985701058201,26.47110671296296,86.97420489417989
AP,3,24.7542416005291,29.129930324074074,87.97988435846561
AP,4,24.715547354497357,31.29761111111111,87.97040224867725
AP,5,24.708958697089948,37.73405972222222,88.5008507936508
AP,6,24.711840773809527,35.40682037037037,88.15281421957671
AP,7,24.40776044973545,41.906438657407406,89.78875697751322
AP,8,24.51874894179894,40.87095439814815,89.30203042328041
AP,9,24.721210251322752,35.47596550925926,88.23858806216931
AP,10,24.608985582010583,40.0388349537037,89.38104937169312
AP,11,24.899050683421518,32.40323194444444,87.0344698302469
AP,12,24.845928846153846,39.28225745192308,87.95498200549451
AP,13,24.833791929945054,37.51591706730769,88.4300775412088
AP,14,24.872005940934066,40.2270610576923,88.8805340315934
AP,15,24.792600721153846,44.516265144230765,89.88067211538463
AP,16,24.82557208104396,42.402266105769236,90.08502482829671
AP,17,24.733963976648354,47.10352235576923,91.17819611950549
AP,18,24.672254052197804,55.48168173076923,91.78662400412087
AP,19,24.887498626373624,50.25932427884615,91.04353708791209
AP,20,24.96838664148352,45.58365817307693,90.71563815247252
AP,21,25.09494642857143,30.225366105769233,89.42098090659341
AP,22,25.051101785714287,28.16521418269231,89.22975415521978
AP,23,25.068478468406592,24.512173317307692,88.48008901098902
AP,24,24.8955926510989,24.875585576923076,89.2405457760989
AP,25,25.047128365384616,19.12915144230769,87.67958798076923
AP,26,25.040293200549453,18.4519625,87.7563773695055
AP,27,25.001490418956045,18.72479735576923,87.58874151785714
AP,28,25.12508602335165,16.719686778846153,87.19185607829671
AP,29,25.25263598901099,13.380812980769232,86.15810068681319
AP,30,25.455953674450548,12.101922836538462,85.40536792582417
AP,31,25.695733310439557,9.57893125,83.84137132554945
AP,32,25.8788167239011,9.662874519230769,82.76913094093408
AP,33,26.248261366758243,6.824222836538461,80.7442178228022
AP,34,26.523507280219782,5.56784423076923,78.56863434065934
AP,35,26.895225274725274,4.083320432692307,75.97488966346154
AP,36,27.12279546703297,3.823620673076923,73.88421981456044
AP,37,27.387202953296704,3.5333798076923078,72.80583406593406
AP,38,27.64790147664835,2.3579644230769228,70.74272850274725
AP,39,27.93802455357143,1.691101201923077,68.66944471153846
AP,40,28.075627712912087,1.9603588942307693,68.33618125
AP,41,28.084178914835167,2.0233093749999997,67.99358990384616
AP,42,28.060251236263735,3.4726617788461542,68.73969622252747
AP,43,28.114562499999998,2.633036057692308,68.52653032280219
AP,44,27.96008224587912,4.555544230769231,69.58955583791209
AP,45,27.82983856456044,5.831713701923078,71.26177015796704
AP,46,27.78869845467033,4.1100418269230765,71.1416103021978
AP,47,27.65477245879121,5.621915144230769,72.10675813873627
AP,48,27.289205425824175,10.299810576923077,74.57379986263736
AP,49,26.765455837912086,12.16533533653846,77.48705054945054
AP,50,26.355823729395603,14.435476442307692,79.92774385302197
AP,51,25.688667067307694,23.320253846153847,84.38414168956045
AP,52,25.500015343915347,21.161615972222222,85.03554262566138
AP,53,25.83983392857143,16.89967625,83.57078857142857
DF,1,22.186941269841267,24.407811111111112,78.97893915343914
DF,2,22.263011640211637,20.90682222222222,78.02881058201058
DF,3,22.411579894179894,22.42829259259259,76.42451111111112
DF,4,22.447049206349206,22.942114814814815,77.54979576719577
DF,5,22.48933492063492,22.109292592592595,77.77440687830688
DF,6,22.170241798941795,28.36152592592593,78.64175555555556
DF,7,22.4311708994709,17.23915925925926,76.26499312169311
DF,8,22.32799417989418,18.047766666666664,78.54654391534392
DF,9,22.49779312169312,17.847174074074072,77.68737989417988
DF,10,22.441349206349205,18.099022222222224,77.4798074074074
DF,11,22.257217107583777,20.411737037037035,79.79485149911817
DF,12,22.23817747252747,17.53913076923077,78.19627802197803
DF,13,22.161146703296705,18.333088461538463,77.61208241758241
DF,14,22.231671978021975,12.21848076923077,75.66928736263736
DF,15,21.993712637362634,11.566069230769232,75.8509934065934
DF,16,21.97640164835165,6.203715384615385,73.42176703296704
DF,17,21.781956593406594,4.613446153846154,71.72332582417583
DF,18,21.556024175824174,1.5970692307692305,66.47558076923077
DF,19,21.541542307692307,0.7833769230769231,63.75617527472528
DF,20,20.94770934065934,1.6256192307692308,64.7578467032967
DF,21,20.9557,0.634676923076923,63.563111538461534
DF,22,20.898424175824175,1.0346115384615384,62.51080054945055
DF,23,20.680733516483517,0.6435038461538463,61.811142857142855
DF,24,20.388907142857143,0.2576038461538462,58.74992032967033
DF,25,20.033997802197803,0.10433846153846152,56.574532967032965
DF,26,19.895098901098898,0.033992307692307676,55.31379725274725
DF,27,19.738676373626372,0.10008076923076924,53.10190879120879
DF,28,20.234731868131867,0.05103461538461539,51.92721153846154
DF,29,20.36817912087912,0.060169230769230767,50.505826923076924
DF,30,20.488900549450552,0.06551923076923076,48.446417032967034
DF,31,20.925019780219777,0.05142307692307691,46.728104945054945
DF,32,21.560985714285714,0.02635384615384615,44.14315
DF,33,21.781004945054942,0.4230384615384615,42.91216923076923
DF,34,22.256444505494507,0.8368769230769231,43.72170384615385
DF,35,23.19011868131868,1.0088346153846155,43.612462087912085
DF,36,23.428286813186812,1.6976269230769232,43.31833626373626
DF,37,24.3362021978022,0.32914615384615387,38.32448131868132
DF,38,24.764272527472528,3.2297461538461536,43.46489725274725
DF,39,24.52096208791209,4.20423076923077,51.511329670329665
DF,40,24.596539560439563,6.076873076923078,54.26885714285714
DF,41,24.715935164835166,7.899126923076922,52.62399340659341
DF,42,24.615764835164835,11.42025,55.378646153846155
DF,43,23.767892307692307,14.422550000000001,64.56030439560439
DF,44,23.33994120879121,16.118276923076923,69.93007747252747
DF,45,22.58886098901099,23.071580769230767,74.66458516483516
DF,46,22.671885714285715,20.826923076923077,75.2983
DF,47,22.55056758241758,23.496446153846154,76.36105604395604
DF,48,22.054897802197804,28.381642307692307,80.02778736263735
DF,49,22.57012032967033,22.228453846153847,77.61198791208791
DF,50,22.031902747252747,33.58361923076923,80.02026318681318
DF,51,22.51148956043956,22.6478,76.38898901098901
DF,52,22.260878835978836,25.996244444444443,79.09977936507937
DF,53,23.27622285714286,14.446299999999999,74.19842
ES,1,24.130863593813594,24.968831481481484,80.32426224392891
ES,2,24.4925117351784,16.041241642924977,78.88560807217473
ES,3,24.312442714692715,17.733806790123456,78.7532472459639
ES,4,24.456766022249358,15.194152706552707,78.77053692172025
ES,5,24.766200834350833,17.92878993352327,78.81532814407815
ES,6,24.423512332112335,18.029994491927827,79.17679792429793
ES,7,24.640173015873014,11.521106362773029,78.01512047212047
ES,8,24.75631682268349,14.611691073124407,78.87540245556913
ES,9,24.450088102021436,14.907414007597342,79.52372415547416
ES,10,24.56581339709673,16.065413722697055,79.98582758784424
ES,11,24.3695707977208,13.361054226020892,80.30803589517478
ES,12,24.113047654268808,13.190663609467455,80.5914668779938
ES,13,23.737945266272188,14.131347337278106,81.07461014370244
ES,14,23.483797006198927,11.308018145956607,80.79073555226825
ES,15,23.145639222316145,13.07134896449704,81.72580913637644
ES,16,22.699144885883346,9.284164842209073,80.4293151239786
ES,17,22.327915919977457,7.42115073964497,80.9081867357002
ES,18,21.874149950690338,5.486501775147929,79.12629086362355
ES,19,21.38671546914624,4.574075246548324,78.98418948295294
ES,20,20.831393688362922,6.141913264299803,79.23496917441533
ES,21,20.693246851225695,6.022725986193294,79.88795483939138
ES,22,20.722169216680754,4.952970118343195,80.43041027754296
ES,23,20.308363060016905,4.1297196252465485,79.56301224288532
ES,24,19.98950708650324,3.12035892504931,79.34237159763313
ES,25,19.821368420681882,3.5516754930966465,79.5391566708932
ES,26,19.79224813327698,2.6099937869822485,79.20692724006763
ES,27,19.542212602141447,3.023951479289941,78.60641503944774
ES,28,19.666259784446325,3.0202413214990136,77.62235881938574
ES,29,19.302965546632855,4.245850936883629,77.65390186672302
ES,30,19.637853888419272,3.349617899408284,77.35501387010426
ES,31,19.45277790222598,3.7291377712031557,76.59703391096083
ES,32,19.884545061989293,2.598480769230769,75.17930150746689
ES,33,19.77201072837419,3.66588550295858,75.61915267681037
ES,34,20.248268892645818,4.327833185404339,75.94884315300085
ES,35,20.36215847421809,6.039277120315582,75.36359280078895
ES,36,20.674064771766695,5.585234615384615,74.52149584389969
ES,37,21.322885672020288,3.8910757396449704,74.23838536911806
ES,38,21.62451343336151,5.935210552268244,73.6443150535362
ES,39,21.638524978867288,9.185545364891519,74.25764051141167
ES,40,22.14585724852071,8.549602120315583,75.64284918991265
ES,41,22.392691652578193,7.851113165680474,75.16843167793745
ES,42,22.52442664130741,10.645479388560158,75.44904956325726
ES,43,22.65998779233587,18.325070118343195,77.06181111580726
ES,44,22.79784116652578,21.440959418145958,78.7345242180896
ES,45,22.41791846294731,20.89774309664694,79.18068047337279
ES,46,22.97189677373908,28.111820118343196,80.17888398844745
ES,47,22.869746182023103,20.884286390532548,80.15120285291631
ES,48,23.063965602986755,27.720104142011834,81.41598950408566
ES,49,23.718069265990422,25.861748126232744,80.88971474358975
ES,50,23.73764636517329,24.91339023668639,80.91164330092984
ES,51,23.979752888137504,21.58207411242604,80.23343319244859
ES,52,24.208118606701937,22.776764387464386,80.61448750508751
ES,53,25.08564611721612,11.78557358974359,75.4726704029304
GO,1,24.040636034757174,31.446492697982535,80.76316519765992
GO,2,24.08053971910354,29.937563655525445,80.14303400868928
GO,3,24.266286581064225,28.918827943390543,78.81643619821912
GO,4,24.324550492536673,27.88912726588377,79.47517853486471
GO,5,24.3206490493397,27.369705992171035,79.77770577924034
GO,6,24.07187236632684,30.461028666064436,80.21756419322924
GO,7,24.28584593926098,22.360013911472446,78.91262607218135
GO,8,24.243622398589068,24.388768879855466,80.17404709424873
GO,9,24.34537570224115,22.97864906654622,79.46451526218438
GO,10,24.38533270744612,19.757369120746766,78.7614039295393
GO,11,24.18105578856053,23.62598090936465,80.66736430722244
GO,12,24.137939931207008,20.582655175109444,79.8808403734477
GO,13,24.168182924595726,18.721895716072545,78.56694097650318
GO,14,24.323640083087643,12.618226860537836,76.17555481997677
GO,15,24.154298780487803,12.190833802376487,75.48351435942106
GO,16,24.109511672473868,7.404554580988117,72.74922420932725
GO,17,24.016864263378896,4.415599374609131,69.93896705530243
GO,18,23.824935964442062,1.528385444027517,64.24220656883767
GO,19,23.64378173411954,1.08364368355222,61.42886961493791
GO,20,23.246463318591974,1.7850660725453409,61.57030255516841
GO,21,23.20490308451711,1.0706564415259536,60.62753616099348
GO,22,22.941563416867684,1.0660197936210132,60.51573406370052
GO,23,22.983875754936122,0.8453752501563476,58.559740934065935
GO,24,22.778572898239972,0.2169063477173233,55.462854543017954
GO,25,22.546414844098994,0.0899614133833646,53.237935343518274
GO,26,22.430972686053785,0.16160042213883677,51.59402717770035
GO,27,22.29933922094166,0.23203239524702937,49.97819641963727
GO,28,22.65571741266863,0.0812302689180738,48.93669386000179
GO,29,22.73818093451264,0.07797618824265165,47.369677170999736
GO,30,22.9344833199321,0.41266851156973106,45.62970377468061
GO,31,23.524476730992582,0.1745517354596623,43.45477290270705
GO,32,24.10748007236666,0.15065145403377111,41.25788074912892
GO,33,24.50891448449924,0.21907845528455283,39.411024749843655
GO,34,25.197119918699187,0.6042555503439649,39.41966325828643
GO,35,25.873948440989903,1.0771392276422764,40.62495127981774
GO,36,26.229021587152687,2.1185304096310196,40.50713358795676
GO,37,27.27655423032252,0.5945319887429643,36.34601862994729
GO,38,27.50808390735281,2.774121419637273,41.54796391941392
GO,39,26.960928345841154,4.952434224515322,50.22746193826499
GO,40,26.929151918609847,7.544396716697936,54.39647630215313
GO,41,27.075143149736444,7.947751923076924,53.7346047127669
GO,42,26.98855969802555,11.362539774859286,55.9560601782364
GO,43,25.924771310193872,14.952330988117573,65.41380713839007
GO,44,25.39597439247744,18.968730581613507,70.28017202269275
GO,45,24.743861234700258,25.720192917448404,73.98984570043778
GO,46,24.757979777539536,22.45921382113821,75.1973181765389
GO,47,24.748635334584115,21.3724198561601,75.43920930045564
GO,48,24.255321850710267,28.443744668542838,79.14349597516305
GO,49,24.57421091530421,26.188176516572856,78.23452336504958
GO,50,23.94296272670419,34.88712734521576,81.18192378495488
GO,51,24.43781824577861,24.01730190744215,77.97812566782811
GO,52,24.222700404353247,28.05900840108401,80.16024809222696
GO,53,25.17067481997677,16.7553293495935,75.67638159117305
MS,1,26.207153907976693,19.552566947960617,76.62703104949435
MS,2,26.256468983993035,23.17012798874824,76.97177318330989
MS,3,26.288630768200388,18.192856165025788,75.56069274663452
MS,4,26.20104691581274,20.196905625879044,77.47164386176412
MS,5,26.212033701694462,18.96422114392874,77.14520533119014
MS,6,26.1144418257317,17.605720346929207,75.55373273725804
MS,7,25.892659915611812,20.619807313642756,77.3836732904695
MS,8,25.97578554015136,20.403904125644633,77.79151437278146
MS,9,25.962486946621123,18.4870935302391,77.26123382894649
MS,10,26.23727675976157,12.168585091420535,74.60000223695667
MS,11,25.902677137052663,14.711175105485232,76.8230156252093
MS,12,25.469272026707472,14.473890701071081,76.61467735429127
MS,13,25.227919877590764,10.347837341772152,74.17804384476283
MS,14,25.33419580609264,10.299800925024343,73.84156112115733
MS,15,25.18377395326193,9.17530223953262,72.02048442759772
MS,16,24.25969549311448,10.507913680623174,71.23268345388789
MS,17,23.703508867714564,7.961227653359299,70.6859581791626
MS,18,22.90930165530672,7.81010593962999,69.54795408262623
MS,19,21.996754256502992,5.536549707887049,68.73983702879399
MS,20,21.436494790652386,8.591206572541383,70.41022210321324
MS,21,21.149365968841288,12.20095141187926,71.8000947906524
MS,22,20.079847969119488,8.911513047711782,72.7788178119349
MS,23,20.610576297120602,8.661472395326193,71.986540791487
MS,24,20.689213729308666,4.922043524829601,68.74429995826958
MS,25,20.80320682292391,5.83229264849075,68.67500867992766
MS,26,20.55146439004034,6.191760662122687,67.3034941090555
MS,27,20.673691021004313,3.772470399221032,63.24506850048685
MS,28,20.03233195159271,5.392680671859786,63.874585867297256
MS,29,19.779780407567117,4.13747599805258,62.528938844067326
MS,30,20.781637647795243,5.725070009737098,58.9514955348449
MS,31,21.47547917651968,3.0777548685491722,57.59358157601892
MS,32,22.158550187786897,4.422803310613437,56.21173302267353
MS,33,22.559849227987204,7.259833544303797,53.652012519126444
MS,34,23.437695625260815,5.4614998539435256,53.09588720267075
MS,35,22.982474071498125,7.065555744888023,54.90394002642927
MS,36,24.06139800389484,7.568745715676728,54.81599430379747
MS,37,25.34917736820142,6.008711879259981,53.38709376825706
MS,38,25.64399094449854,8.78923334956183,55.90995813047712
MS,39,24.69378643065795,13.435324488802337,61.19449382389762
MS,40,25.81703640979274,12.343590798442063,63.79661872304911
MS,41,25.89408129781611,15.388052142161635,65.99601850048687
MS,42,26.347126484907495,11.586347955209348,65.98038822506608
MS,43,25.86163197245792,15.769227604673807,68.32610616219223
MS,44,25.546803860063985,17.75400418695229,70.80470105021561
MS,45,25.413393121435526,16.86430793573515,71.04679792738906
MS,46,25.65913166643483,19.68486577409932,69.20778841285298
MS,47,26.05379043677841,15.22233417721519,70.03258960216999
MS,48,26.302954722492697,18.11229688412853,72.30971501599666
MS,49,26.127462227013492,21.60635535540409,74.15219401863959
MS,50,26.057415648908055,19.928586611489774,74.50580961886214
MS,51,26.350503609681457,16.978093378773124,74.05081516900822
MS,52,26.475571863907305,19.258324519456167,75.25457392003214
MS,53,26.753347486437615,18.915526329113924,75.78327309222423
MT,1,25.218330169987617,29.378611294982928,84.76371795189313
MT,2,25.125806578107998,31.107050459679538,85.13288210439417
MT,3,25.3052499868663,27.67607134226425,83.74150291943413
MT,4,25.189724762655256,31.476370317835567,85.05342654133364
MT,5,25.277604739389847,30.162592382453376,84.7254411234943
MT,6,25.119801204548015,33.62599936958235,85.37067113587752
MT,7,24.99430843934106,32.26382897294458,85.73731609441255
MT,8,25.06774887237795,29.41318476490675,85.47728395812226
MT,9,25.254349510300575,26.56178526398739,85.2113815265113
MT,10,25.36550293444407,24.768610848437092,84.64412843633907
MT,11,25.19782626114801,25.70437938008931,85.49022808110372
MT,12,25.07018044579534,25.40475728314239,85.53317045436832
MT,13,25.009517453822774,23.382897735951993,85.38351298807575
MT,14,25.307954002026342,18.380871794871794,83.78454202712182
MT,15,25.267418821603925,14.938159683578833,82.93404639934533
MT,16,25.198416849816848,12.11368917075832,81.50810936404022
MT,17,25.106320430987452,8.835793016912165,79.096612941314
MT,18,25.068230344478216,4.379257719585379,75.3538295534253
MT,19,24.92089238952537,3.158966775777414,71.77867768685215
MT,20,24.832051562621775,3.36838232405892,71.5991348920583
MT,21,24.79701797209882,3.268529487179487,70.30901834619281
MT,22,24.47261440651547,2.336202400436443,69.11635923544542
MT,23,24.706069203491545,1.7062607474086198,65.82399722546957
MT,24,24.707220641415326,0.628644817239498,61.65370859636817
MT,25,24.578879514457174,0.3522857610474631,59.23725011300756
MT,26,24.613126342451874,0.42465070921985815,56.88296543137714
MT,27,24.666278399968828,0.6046159301691216,54.782349037487336
MT,28,24.588742159613435,0.25501421167485,54.092342638921366
MT,29,24.65116652638142,0.29856342062193125,52.5392404528096
MT,30,24.984681057594887,0.8457030278232406,50.0520112773751
MT,31,25.71005297716468,0.26407236770321874,47.3025322850908
MT,32,26.148679253370744,0.3708197490452809,45.586406655755596
MT,33,26.736539907255864,0.6266000545553737,44.74439331306991
MT,34,27.272857380562698,1.0193828150572832,45.28591030706882
MT,35,27.384380426311278,1.6604273595199126,49.026214772815834
MT,36,27.690077051671732,2.519101282051282,49.474777402384845
MT,37,28.332547128049256,2.13419852700491,49.22434595900553
MT,38,28.458148336061104,4.1228258319694495,54.30651195931728
MT,39,27.586194283376198,7.496615548281506,62.83358161483906
MT,40,27.59587147533318,9.139291571194763,67.16747976385317
MT,41,27.49102278466215,10.49612313147845,68.41993157587093
MT,42,27.347142935079106,13.209413202400437,70.1154112423038
MT,43,26.628183341126956,16.38591429350791,76.2137404800873
MT,44,26.08429532772192,20.92678491543917,78.6885560907178
MT,45,25.908493137713354,21.189889907255864,79.65306537682176
MT,46,26.02050964850752,20.584981342062193,79.74006719273635
MT,47,25.80724973891357,22.7161458537916,81.67167693476736
MT,48,25.73255830410724,25.040891434806326,82.5506964811784
MT,49,25.605873256176448,25.920061129296233,83.00297815057283
MT,50,25.279015692463563,31.22267452264048,84.26155179253371
MT,51,25.409373201621076,27.143493889798144,83.83612998986828
MT,52,25.366679184960034,28.621230548988702,84.4825743067282
MT,53,25.87032433637285,21.773976170212766,82.52389987841946
PA,1,25.88062701352146,26.541554809670785,84.43268622134039
PA,2,25.617915906084658,31.2917537037037,85.51139359200471
PA,3,25.451830647413285,33.075922479423866,86.13025012492652
PA,4,25.43034509112287,33.9527671553498,86.46951577013522
PA,5,25.406791012639626,37.028675180041155,87.00311773589065
PA,6,25.340450536449147,41.985024588477366,87.37555582378013
PA,7,25.020600169018223,48.5131570473251,88.62682900867138
PA,8,25.11541245223398,43.90806718106996,88.23364274691357
PA,9,25.19784246031746,43.04334470164609,88.35579585537918
PA,10,25.161019106407995,48.07922847222222,88.66788496472664
PA,11,25.136195202576914,46.04597811213992,88.5780211872918
PA,12,25.111801144688645,44.47548712606838,88.7077916437729
PA,13,25.065619291819292,50.81657443910256,89.3027764842796
PA,14,25.262631814713064,42.86675710470086,88.80414962606837
PA,15,25.200225782203905,43.11145512820513,89.18631639575702
PA,16,25.2177912736569,42.26978848824786,89.29134996565934
PA,17,25.322467857142858,39.336627110042734,88.89732564865689
PA,18,25.363728663003663,35.43879313568376,88.67669055631868
PA,19,25.671182890720388,27.419316185897436,87.2314064484127
PA,20,25.73292828525641,24.051908707264957,86.52679681013431
PA,21,25.80233727869353,18.011764930555557,85.55436232066545
PA,22,25.783699282661786,16.376825347222223,84.73863697725885
PA,23,25.801171501068374,13.571444337606838,83.32645537240538
PA,24,25.848694211691086,11.809645806623932,81.84769533348596
PA,25,25.94138402396215,8.85428357371795,79.99884443299756
PA,26,26.059449698565324,8.104396981837606,78.17562474435286
PA,27,26.08906659416972,8.516651655982905,77.75522879655067
PA,28,26.298336008089134,6.851199198717949,76.40242497329061
PA,29,26.377013373779,6.311735844017094,74.89407097832722
PA,30,26.69730744810745,4.271106143162393,72.25235110271673
PA,31,26.93482906746032,3.697878685897436,70.71393366529304
PA,32,27.156989709249086,3.7952231837606836,69.959570497558
PA,33,27.411940403693528,3.1532408653846153,69.13278751144689
PA,34,27.5229806280525,3.5530914262820517,69.25424668421856
PA,35,27.693970413614164,3.3677119123931627,69.41512770528082
PA,36,27.752247638125763,3.6745228365384617,68.90248032280219
PA,37,27.92948621413309,3.503850534188034,68.67555368971307
PA,38,28.11598193299756,3.1562737713675215,68.03275088904151
PA,39,28.060625812728937,4.416369978632479,69.24571254197191
PA,40,28.110733611874238,4.110863034188034,69.53740599435287
PA,41,28.093556623931622,4.8235247863247865,69.92468279532967
PA,42,27.856062915903543,7.979063221153846,71.93336813186814
PA,43,27.800526640720392,7.620802857905983,72.53485997405372
PA,44,27.78439702762515,8.06112283653846,72.71676299221612
PA,45,27.610741697191695,11.284232719017094,74.25149875610501
PA,46,27.549100393009766,10.502187526709402,74.44430396062272
PA,47,27.457372290903542,11.442471768162394,75.278258871337
PA,48,27.303147924297924,15.050515117521366,76.51538379884005
PA,49,27.04513363476801,15.451537847222221,78.00194983211233
PA,50,26.70099137286325,18.829027697649575,79.78869722603785
PA,51,26.39412718253968,22.18670969551282,81.92766423992674
PA,52,26.13668145208701,22.46515390946502,83.11055297251617
PA,53,26.432810000000003,17.890765694444443,81.83228192460318
RJ,1,24.235550178283873,31.18963590982287,81.8272057625949
RJ,2,24.837825132275132,21.589325483091788,79.91723673798022
RJ,3,24.466244985047158,25.32262423510467,80.26926059926386
RJ,4,24.65841956521739,20.3474672705314,79.57324956866805
RJ,5,24.866663118242464,23.82037334943639,80.84247654704394
RJ,6,24.488400034506554,24.011216304347826,80.30174080400276
RJ,7,24.908237117552336,17.96257286634461,78.8614332815735
RJ,8,24.82269734874626,18.34468695652174,79.9936923510467
RJ,9,24.469472757073845,17.747497061191627,80.0935009489303
RJ,10,24.540161611456174,17.45068772141707,80.82670487117552
RJ,11,24.31680613641592,16.758716706924318,81.28894003910743
RJ,12,23.89724772455805,21.01866981605351,81.76034654204491
RJ,13,23.263361293597704,20.361913921404682,83.01078813306259
RJ,14,23.050132053272815,14.686919565217393,82.08706258361204
RJ,15,22.84858476469183,11.293353302675584,81.91870992594362
RJ,16,22.230298799569994,9.843759113712373,80.67508930363115
RJ,17,21.79047445054945,9.518289757525084,81.16367571070234
RJ,18,21.44576641782131,5.777409782608696,79.40231331223124
RJ,19,20.499622276636405,6.872121195652174,80.41602234233159
RJ,20,19.954739996416624,8.079511162207357,80.4911644887721
RJ,21,19.976584710941236,7.033078804347827,80.20267034161492
RJ,22,19.60027563903488,6.344648704013378,81.41631129957
RJ,23,19.516230183946487,4.775416513377927,80.15891387362636
RJ,24,19.45378636526517,3.838561245819398,79.25775793119924
RJ,25,19.17545088389871,3.6437040133779264,79.11691804228381
RJ,26,19.26600045986622,3.233911371237458,78.64718834806497
RJ,27,18.91718712971811,4.113046906354515,78.11956518752986
RJ,28,18.996732441471572,4.572393603678929,77.24425446727186
RJ,29,18.498846739130435,5.028960242474916,77.93301860965123
RJ,30,19.14508139632107,3.791047658862876,76.51412096273292
RJ,31,18.919994469660775,4.382821153846154,76.63499469063545
RJ,32,19.384837129718107,3.6143546404682274,75.72562936574295
RJ,33,19.453639972527473,3.509173787625418,74.79409854873387
RJ,34,20.02781026636407,4.402442976588628,74.3290651158624
RJ,35,20.05327659460105,7.747063252508361,74.69589875776397
RJ,36,20.392420711896797,8.014743185618729,74.89989110726229
RJ,37,21.40759865026278,4.757213252508361,73.14632725752509
RJ,38,21.4729871356904,7.176064548494984,74.219633940516
RJ,39,20.900833689679885,13.317930518394649,76.91465121237458
RJ,40,21.60601530697563,12.21815693979933,77.84853036311515
RJ,41,22.321593275203057,11.90127462374582,76.50512977783086
RJ,42,22.175103720735788,12.454351128762541,77.7021081103679
RJ,43,22.31829329909221,16.12004352006689,78.60133800167223
RJ,44,22.49544831581462,17.008182734113714,79.41377350692785
RJ,45,21.897894332298137,22.232096321070234,80.56896942188247
RJ,46,22.62158981724797,26.468395652173914,80.8472140229336
RJ,47,22.70781895007167,22.55976605351171,80.81883540969899
RJ,48,22.87989908623985,29.850840928093646,82.1262951385571
RJ,49,23.504688425704728,24.297300752508363,82.14055268155758
RJ,50,23.685374755136166,24.601540593645485,81.69497203774488
RJ,51,23.992452848781653,25.54444481605351,81.49457747849976
RJ,52,24.1558815447435,29.13784967793881,82.613378784219
RJ,53,25.15620897515528,23.889487391304346,79.53768916149069
RO,1,25.100516412291412,31.23672542735043,88.97248231583231
RO,2,25.11142808302808,31.44173425925926,88.8494299043549
RO,3,25.086903367928368,31.881184615384615,88.63165995115995
RO,4,25.162714926739927,31.368355982905985,88.82579595034595
RO,5,25.22962961945462,31.12396474358974,88.74303420838422
RO,6,25.095801170126173,32.21283326210826,89.27130937118437
RO,7,24.78191813186813,38.74678732193732,90.50413917378918
RO,8,24.839415211640215,34.8438,89.89041939356939
RO,9,25.113095370370374,29.436460042735046,89.37265473137973
RO,10,25.22107217134717,28.524158689458687,89.16373187830688
RO,11,25.120178035544704,27.5961693019943,89.79166876611043
RO,12,24.99750137362637,28.272275,89.92226715976331
RO,13,24.807191187658496,29.743452440828403,90.79895252535925
RO,14,25.057118839814034,22.115853180473373,89.82456255283178
RO,15,25.06279491758242,18.81189400887574,89.33392840236687
RO,16,25.09704993660186,15.070073076923077,88.63629559382925
RO,17,25.01010972104818,11.857844600591715,87.46542902578192
RO,18,24.91046558537616,9.519760502958581,86.25491598689771
RO,19,24.77229696745562,8.140659319526627,83.89749910185968
RO,20,24.851169938715135,6.542041272189349,84.1236906276416
RO,21,24.820331213017752,6.471783949704141,84.04704203296704
RO,22,24.53680464919696,4.536812869822485,82.04770661453931
RO,23,24.856634298393917,3.3816183431952664,80.24120551563821
RO,24,24.984882998732036,1.6261119082840236,76.08204899619611
RO,25,25.130355938292478,1.1223556213017751,71.71085595942519
RO,26,25.327758727810654,1.4196412721893492,68.67785187024514
RO,27,25.63336083051564,1.212155177514793,65.1382286876585
RO,28,25.59254522400676,0.9618207100591716,63.56949166314455
RO,29,25.662474978867287,1.0851011094674556,60.93758428782756
RO,30,26.101344442096366,1.1888283284023669,57.60443138207946
RO,31,26.697419959847842,1.014303476331361,55.972688303043114
RO,32,26.938324397717665,1.3154327662721892,56.049661633558756
RO,33,27.19641201394759,2.605309541420118,57.92065501901944
RO,34,27.39387187235841,2.952269156804734,59.15119208579881
RO,35,26.960403000845307,4.708871301775148,65.02588062130178
RO,36,27.530200729078615,3.6678079142011835,63.94381893491124
RO,37,27.5937099852071,6.107481804733728,67.80757721893491
RO,38,27.7164121830093,7.54159548816568,70.70384685122569
RO,39,26.980405177514793,12.027604807692308,75.4055757079459
RO,40,27.068085006339814,11.477687056213018,78.20228834530855
RO,41,26.95935415257819,11.732915384615383,79.0914879649197
RO,42,26.817156466610314,13.902234911242603,80.33066627218935
RO,43,26.38180557903635,16.86598128698225,83.00753829247675
RO,44,25.88663355874894,19.810892825443787,84.59693665469146
RO,45,26.028197115384614,19.50201346153846,84.53029258241757
RO,46,25.884418311496194,22.775755917159763,85.75467158706678
RO,47,25.61719452662722,23.535646375739645,87.5782913355875
RO,48,25.719163514370244,23.831067899408286,87.13415758664412
RO,49,25.45017696534235,27.6454525147929,88.19637639475908
RO,50,25.382098573541846,29.604099334319525,88.37847664835165
RO,51,25.23422055156382,30.17405554733728,88.5306634298394
RO,52,25.276854873829876,28.583583475783474,88.49102901912903
RO,53,25.40529087912088,34.568385,88.19597115384614
RR,1,25.74506994708995,11.90543012345679,75.80711354497355
RR,2,26.08834447971781,8.636184691358023,73.14887019400352
RR,3,26.03876243386243,11.546077777777779,73.37187410934744
RR,4,26.220350264550266,9.163496296296296,70.63076814814815
RR,5,26.270156543209875,9.78932938271605,71.36446398589065
RR,6,26.347561587301588,8.46723925925926,70.48516790123456
RR,7,26.350582680776014,9.436508148148148,70.29275844797178
RR,8,26.271613015873015,12.593417777777779,71.2849080776014
RR,9,26.494606525573193,11.736420987654322,71.41043305114638
RR,10,26.455940740740743,14.952698024691358,72.51387636684304
RR,11,26.53249673133451,15.405985185185186,71.86299691945915
RR,12,26.48519,18.066149743589744,73.38177263736264
RR,13,26.322040293040295,18.883501025641028,74.82323505494506
RR,14,26.083615934065936,26.68561923076923,77.0147498901099
RR,15,25.903632820512822,31.47060846153846,79.31222417582417
RR,16,25.400445018315022,35.880381794871795,83.35169315018315
RR,17,25.054183956043957,41.281546923076924,85.79317695970697
RR,18,24.865725311355312,46.11038666666667,86.83865487179487
RR,19,24.548730183150184,53.92198,89.50114538461538
RR,20,24.49066974358974,53.97307615384616,90.06020985347986
RR,21,24.602206813186815,44.264237948717955,88.8746149084249
RR,22,24.30672487179487,46.77067153846154,90.18806542124541
RR,23,24.189992857142855,41.99683230769231,90.18330454212455
RR,24,24.072427582417582,43.84958717948718,90.70186974358975
RR,25,24.071402161172163,36.38881179487179,90.15857974358975
RR,26,24.003904102564103,34.22001538461539,90.2112757875458
RR,27,24.065291611721612,34.190404615384615,89.9034935897436
RR,28,24.008848424908425,33.27551538461539,90.32895175824176
RR,29,24.01931304029304,28.747952051282052,89.7909980952381
RR,30,24.18210490842491,26.28260128205128,89.55397904761905
RR,31,24.40590989010989,22.165431025641023,88.67052084249084
RR,32,24.578657032967037,21.909527179487178,88.14234472527473
RR,33,24.74371164835165,20.630061282051283,88.01855391941393
RR,34,25.085233333333335,16.983828717948718,86.17701600732602
RR,35,25.369433736263737,14.604891282051284,84.78616608058609
RR,36,25.464326886446887,15.995252820512821,84.10929875457876
RR,37,25.73161402930403,15.283857435897435,83.07439271062272
RR,38,26.015990659340662,11.886395128205127,81.57379893772894
RR,39,26.427931794871796,10.000227435897436,78.9224217948718
RR,40,26.755484285714285,8.349120256410256,76.68225952380952
RR,41,26.650335091575094,12.696390512820514,77.41575304029304
RR,42,26.495018791208793,12.688567179487178,78.79086776556777
RR,43,26.492842857142858,13.558974871794874,79.03040476190476
RR,44,26.452666227106228,13.281213333333334,79.07156120879121
RR,45,26.260475091575092,16.726199743589742,80.47925523809523
RR,46,26.295985824175823,14.373564358974358,79.94420318681318
RR,47,26.327386410256413,14.377101282051282,79.11126673992673
RR,48,26.32863912087912,13.814476923076922,78.6253767032967
RR,49,26.18673695970696,13.056292564102565,77.65943062271062
RR,50,26.050060476190474,13.055753333333334,77.91733989010989
RR,51,25.727081611721612,16.828688205128206,79.06348472527472
RR,52,25.743162892416226,12.445316790123456,77.78660007054674
RR,53,25.49195314285714,17.805348000000002,80.41556
RS,1,23.64939223169706,14.4616661599225,75.7897985170281
RS,2,23.96296990727433,15.67235054773083,76.35909456633983
RS,3,23.382206298106098,15.78542151427081,76.46393187910532
RS,4,23.515241235774436,14.788084618824055,76.95980592762928
RS,5,23.79920275621986,14.888809210820478,77.11529273418287
RS,6,23.8873633419565,9.479798777852299,74.83956995624541
RS,7,23.227297411985134,15.532313041210223,76.81017616705525
RS,8,23.013681507031606,15.266086325359563,78.69983484504914
RS,9,23.045489875762513,15.369465310380802,78.06070457879552
RS,10,22.85907079939957,13.30305409494001,77.9807535168684
RS,11,22.478411667890946,11.136003651538863,77.43027887714292
RS,12,21.613904112587612,21.362738608574528,79.1331084982422
RS,13,20.984779840581954,11.22673720012382,77.53848759590511
RS,14,20.740097921595506,14.672493429809627,79.00917064916975
RS,15,20.243824022154907,16.906547902801424,79.11055412253742
RS,16,18.804149383111856,18.032136913790435,79.67251226811418
RS,17,18.006036694894643,15.025689978331528,79.11800752647754
RS,18,17.330795209719856,24.324475305680235,81.167002352577
RS,19,16.332685178101578,14.262222527472527,81.34621853096603
RS,20,15.446491733920002,18.037361167002015,81.30942251310059
RS,21,15.464432215269639,20.79038385698808,82.19616638954606
RS,22,14.048497344506602,15.551632030645413,81.53240223981251
RS,23,14.169822694408209,17.97437248104009,82.65596405465762
RS,24,14.435215046321886,21.81435814889336,82.09600433922215
RS,25,14.106131605014703,20.377704325955733,83.1768905410485
RS,26,14.040372680036262,17.5053405123046,82.31391894775244
RS,27,13.820916627235944,16.675600177991022,81.25504969818914
RS,28,12.957733439096115,24.621412265903114,82.16978718906849
RS,29,12.617854500630154,15.157697461693237,80.24387297631945
RS,30,13.699470537510779,13.472364765516174,79.63055936608663
RS,31,14.294757960952529,12.213545441882061,79.80626075684877
RS,32,14.649033518694585,15.280647082494971,79.03292289119332
RS,33,15.078013982797886,13.129606361244388,78.0839445596657
RS,34,15.557109051009354,14.192986085745241,76.93154485263229
RS,35,15.300749076878855,17.409450634576693,77.45583467176687
RS,36,15.909501339907578,19.0353407444668,77.60731291042961
RS,37,16.855841679748824,24.976070863643397,78.63745710526898
RS,38,17.13074037964048,21.106019540318837,79.49839157803966
RS,39,16.67666533707741,18.281484073672807,77.27530658235125
RS,40,18.064280704004247,28.823420128463088,78.85611389877728
RS,41,18.579914827426094,29.07779638600836,79.81973919008557
RS,42,19.12136664934663,22.694772635814886,79.32269232759192
RS,43,19.467412588719128,19.313760424082957,76.14964205341941
RS,44,19.73847076193424,23.65155307227984,77.06890858115727
RS,45,19.732616951157492,18.278004240829592,76.06534789174609
RS,46,20.368076533928846,20.397566669246245,74.1473148661198
RS,47,21.143416993167797,18.3817965485219,74.59916679306609
RS,48,21.72332848409136,15.643159077542178,74.60286804895306
RS,49,21.767334434076993,17.76884876180158,75.0429379695757
RS,50,22.432432619895195,15.253055602847855,73.12328388241538
RS,51,23.000710876246494,18.581697794459064,75.67991414310036
RS,52,23.051778027956093,17.12495761979283,74.26242969989246
RS,53,22.49195399252659,31.640859637826964,78.01620416211556
TO,1,25.489768276807126,32.13889845456968,83.00546177534163
TO,2,25.425574839176278,32.18859427124966,82.98438628906398
TO,3,25.402440401964146,30.57527705835332,82.7439084427696
TO,4,25.412680807734763,34.79354596322942,83.43115795363708
TO,5,25.499911640211643,34.72611721289635,83.20898497963535
TO,6,25.502881706063718,35.43084095390354,82.65474989151537
TO,7,25.29423256061817,36.49643016253664,83.47644040196414
TO,8,25.303223052034564,36.53692486011191,83.88421644398767
TO,9,25.56790296524685,31.460439062083665,83.22934890183092
TO,10,25.60673328765559,29.77531915800693,83.17612189867154
TO,11,25.440644177990944,34.364389848121505,83.93665928336696
TO,12,25.374288841015098,32.01454825677919,83.81952684006642
TO,13,25.467603316467706,31.6769250968456,83.23861158589611
TO,14,25.804727895485808,24.53165890979524,81.23928232666614
TO,15,25.718759692465806,22.845385307138905,81.36855023322002
TO,16,25.767538216459798,22.181089291643605,80.80828656810814
TO,17,25.936573650090917,15.51381405644715,77.9047754605107
TO,18,26.210088860779507,9.338267155506363,74.4766220610325
TO,19,26.4834566566527,6.371200830105147,70.88573472211242
TO,20,26.483153486441616,5.564789374654122,68.6414643489604
TO,21,26.637725488180884,3.4275602379634753,66.07110711518698
TO,22,26.58883503439007,3.0805917542888763,64.14461808838644
TO,23,26.73043410941576,0.9537294410625347,59.588040860937625
TO,24,26.789307194244607,0.5373168234643055,55.21435027274883
TO,25,26.759838489208633,0.19332183176535692,52.621762795477906
TO,26,26.690962921970115,0.3244028500276701,50.412021582733814
TO,27,26.77824863230295,0.2532229662423907,48.681683073760766
TO,28,26.986360771602495,0.28512883231876035,47.93767660289351
TO,29,26.98432774922919,0.3604610957387936,46.82337078425172
TO,30,27.068269309826864,0.07144374654122855,44.14417606134872
TO,31,27.4172502371729,0.10704465965688988,42.451683504624874
TO,32,27.75413529528026,0.03856668511344769,40.927207862281605
TO,33,28.08600592932248,0.19754150525733258,41.16689084907898
TO,34,28.631354553719664,0.32456001660210293,40.83576555854218
TO,35,29.109099533559963,0.4022473990038738,40.95510953039766
TO,36,29.141669112182782,1.1630423353624793,42.669471464147364
TO,37,29.55531740453791,0.4350464028776978,40.465022325875566
TO,38,29.652197695469997,1.7406460431654678,44.91242776504072
TO,39,29.216478812554353,3.9427552850027667,52.90092332595462
TO,40,29.054407308878172,5.12490517432208,56.488534263578146
TO,41,28.917600252984425,5.441360210293303,57.202805328484466
TO,42,28.316152715629695,10.667478251245157,62.31961491026959
TO,43,27.639524215352992,13.434463281682346,69.1161451102854
TO,44,27.290040939995258,15.704206170448257,72.19457471341607
TO,45,26.752453312514824,22.295836607636968,76.01727974148154
TO,46,26.514817629852164,20.857730852241286,77.52397837378449
TO,47,26.477981789074235,21.610117432208078,78.09158049648194
TO,48,26.185126476401294,24.560317266187052,79.66005574748992
TO,49,26.21638047671753,24.39591743220808,79.74464608664717
TO,50,25.788364815400428,28.632499059214165,81.50540890979524
TO,51,25.883427476480357,26.983995296070834,81.28976186655072
TO,52,25.6428890297286,30.2927138022915,82.34762720109626
TO,53,26.435021973278523,12.535029640287771,78.43001442959918
PR,1,23.885567285939718,17.80634787895665,79.44279259259258
PR,2,24.081233166248957,21.29699083820663,79.88308429672063
PR,3,23.74692825052048,19.37570701754386,79.56611500576838
PR,4,23.726394447759613,18.478847461245707,80.10094817997374
PR,5,23.981726647306097,17.15199284321916,79.45029563856731
PR,6,23.893771464375224,14.999979262972246,77.3464651814722
PR,7,23.607381820954505,21.566168959435625,80.1543461789394
PR,8,23.732628916205858,18.626255054302426,80.86426824203366
PR,9,23.660276752728382,15.087295488721804,79.2632410351275
PR,10,23.733789497553406,12.15814361830502,77.95341963771864
PR,11,23.536910027272768,13.44154025805254,79.08516081694536
PR,12,22.94716999366548,12.101362290341237,78.73744922195598
PR,13,22.408785222672066,9.377605533063429,76.27303482607618
PR,14,22.401147625932964,10.279382697127433,76.58889094577101
PR,15,22.081269960615828,8.28238700597648,75.75894695392327
PR,16,20.932799033297528,15.058182205513784,76.05048615357074
PR,17,20.35114341623289,11.407242606516292,75.8041574513206
PR,18,19.69417526233165,11.645733930981299,76.17097937563689
PR,19,18.512861370459113,8.459216454598034,75.98933085460905
PR,20,17.888171723264204,11.566901725467515,76.83094260927042
PR,21,17.73407412349555,18.099842298052828,78.58106950480597
PR,22,16.412268280591586,13.859209928667823,79.5181365556749
PR,23,16.883852117932193,17.80706458453827,80.16658124982787
PR,24,16.9756492660222,10.749513119336804,78.15050921534606
PR,25,17.071605033187364,11.804834759976865,78.83373742185132
PR,26,16.72102060233,14.649838577212263,78.69832245586494
PR,27,16.715880335454017,7.897224378253325,75.6026710870583
PR,28,16.241240952656366,12.084079689608638,76.13596398551324
PR,29,15.699139783524746,8.886265008675535,75.24515584428103
PR,30,16.71460765512683,10.30160719105456,72.36020623123743
PR,31,17.136010752155112,7.500454626951996,72.57454292737339
PR,32,17.77345132887163,8.158356256024677,71.00031881214024
PR,33,18.042501871436833,10.90201498939657,69.057921020959
PR,34,18.93540158638354,9.695471399652979,67.81956832465781
PR,35,18.57034691398827,10.808617061885483,68.73428643311576
PR,36,19.443726744057948,12.298763784461153,68.87762684458399
PR,37,20.95467678537002,13.737611818006554,67.19019626125754
PR,38,20.896346434768237,14.623410102178525,68.8763652152359
PR,39,20.037594205293455,18.5218847985348,71.51469493789418
PR,40,21.383405902117932,18.56537592057066,73.43764608361563
PR,41,21.763919033848357,23.414923308270676,75.10894578892285
PR,42,22.089434367512187,15.827200192789666,74.49484408411138
PR,43,21.935005275551514,17.93169185463659,74.3707831033628
PR,44,22.11894403453689,18.782052891844998,75.12845731085956
PR,45,21.878618785975927,17.76356224214382,74.85081258778816
PR,46,22.278399529042385,19.87603738191633,73.13223355504145
PR,47,22.816759452201936,16.243188114517064,73.97276169820154
PR,48,23.10029919303754,15.950000790437633,75.82493895177504
PR,49,23.349622157040955,19.594817543859648,76.95821951582253
PR,50,23.370805471095323,20.639708656256026,76.19013597042056
PR,51,23.709224986917842,17.33456980913823,76.75779764796607
PR,52,23.91543892137752,16.899951564095424,77.48357045258649
PR,53,24.119132345148586,27.811773634085213,81.03785977085572
SC,1,22.49149094789705,17.771488097928437,80.76200256837951
SC,2,22.856561348757957,19.26053580665411,81.27173811317371
SC,3,22.340223782620395,22.15016531073446,81.1673054847099
SC,4,22.3886947645951,18.62503413684871,81.3902155716976
SC,5,22.809884089319343,17.395182008788453,80.99231355035424
SC,6,22.68946548112277,15.927870483364721,79.89616012196215
SC,7,22.356919006367143,20.740923477715004,81.29872028696978
SC,8,22.280691532597974,18.742374061519147,82.96615158281769
SC,9,22.189469626042506,17.344420489642182,81.80584427226258
SC,10,22.15264249304995,15.51137570621469,81.84108504887453
SC,11,21.931173225121814,13.73105014438167,81.62202961886827
SC,12,21.23274031290743,16.226144589308994,82.05459273794003
SC,13,20.479373125349227,11.88173036505867,80.73949897746321
SC,14,20.354307012479048,13.28071368970013,81.64776550009313
SC,15,19.970371847643882,11.702026675358539,81.60741987707208
SC,16,18.773568029428198,17.79157028683181,81.81054966474204
SC,17,18.11518330229093,13.679057887874837,81.16675646861613
SC,18,17.563677276960327,19.35112028683181,82.33130806854163
SC,19,16.371151370832557,12.901514172099088,82.10580555596945
SC,20,15.633886505867014,16.924650169491525,82.59599392996834
SC,21,15.701751465822314,17.955974380704042,83.42994805177874
SC,22,14.340677100018626,13.439545423728813,82.27070979512014
SC,23,14.570033024771838,16.69709003911343,83.54815930154591
SC,24,14.80317833302291,16.81577408083442,83.10668744086422
SC,25,14.69739698267834,16.10730119947849,84.0650810486124
SC,26,14.399468062953996,18.092699113428942,83.55135195939653
SC,27,14.236325013969081,10.1756989178618,81.78176067424101
SC,28,13.748315624883592,20.1430506779661,82.66900739616315
SC,29,13.19219638107655,12.573946505867013,81.25056661389458
SC,30,14.186785738498788,10.486169413298565,80.3985534568821
SC,31,14.508131238591917,11.115942646675359,80.92784835723599
SC,32,14.914626276774074,13.814119400260758,80.31073805922891
SC,33,15.280079796982678,12.43363597131682,79.20909470851183
SC,34,15.956112544235426,11.273989934810952,78.18630121810394
SC,35,15.576804565095921,14.94024556714472,78.42076747066493
SC,36,16.204901128701806,18.101640195567146,78.89358370832558
SC,37,17.404454263363753,20.544327679269884,79.22908455950828
SC,38,17.3937259452412,20.264295319426335,79.99661540510338
SC,39,16.765886150121066,20.39239996088657,78.98235668467127
SC,40,18.09025081020674,23.078105853976535,80.79358028496927
SC,41,18.57356644999069,27.67567440677966,82.59438283479233
SC,42,18.920871296330787,19.416626701434158,81.46257153287391
SC,43,19.1076108884336,17.956607966101693,79.37054340473087
SC,44,19.47929590985286,20.24902487614081,79.8876024380704
SC,45,19.254156273048988,16.049995032594524,79.39074551685601
SC,46,19.801633814490597,20.273169491525422,78.08168963307878
SC,47,20.502557289998137,18.413466844850067,78.69547363009872
SC,48,20.83124784503632,20.02993692307692,79.81650702924193
SC,49,21.095334248463402,19.97341333767927,79.93351798845222
SC,50,21.474019657291862,18.689334432855283,78.70093190724529
SC,51,22.028444954367668,19.085971994784877,80.05548380331533
SC,52,22.140096299883417,16.962931650973008,79.50631971303022
SC,53,22.127470217917676,32.4879233220339,83.24028132687651
